0,1,Surya Informatics Solutions Pvt. Ltd.,"python  ,  web technologies  ,  linux  ,  mobile  ,  mysql  ,  angularjs  ,  javascript",Posted few days ago,https://www.timesjobs.com/job-detail/python-surya-informatics-solutions-pvt-ltd-chennai-0-to-3-yrs-jobid-UVlLes58wutzpSvf__PLUS__uAgZw==&source=srp
0,5,east india securities ltd.,"python  ,  hadoop  ,  machine learning",Posted few days ago,https://www.timesjobs.com/job-detail/python-engineer-east-india-securities-ltd-kolkata-2-to-5-yrs-jobid-KEkE19WqPbFzpSvf__PLUS__uAgZw==&source=srp
0,7,sjain ventures,"python  ,  web developer  ,  web services",Posted few days ago,https://www.timesjobs.com/job-detail/python-intern-sjain-ventures-raipur-0-to-3-yrs-jobid-KmspiL9__SLASH__D9hzpSvf__PLUS__uAgZw==&source=srp
0,11,systango,"python  ,  django  ,  javascript  ,  web programming",Posted few days ago,https://www.timesjobs.com/job-detail/python-developer-systango-indore-5-to-8-yrs-jobid-YtDomXdajg5zpSvf__PLUS__uAgZw==&source=srp
0,12,TandA HR Solutions,"Python  ,   Django  ,   Flask  ,   unit testing",Posted few days ago,https://www.timesjobs.com/job-detail/python-developer-tanda-hr-solutions-mohali-chandigarh-3-to-6-yrs-jobid-yhy9asKbR4VzpSvf__PLUS__uAgZw==&source=srp
0,13,TandA HR Solutions,"python  ,  git  ,  django  ,   GIT Hub",Posted few days ago,https://www.timesjobs.com/job-detail/python-developer-tanda-hr-solutions-gurgaon-chandigarh-4-to-6-yrs-jobid-RxlCUMDjB7dzpSvf__PLUS__uAgZw==&source=srp
0,14,TandA HR Solutions,"Python  ,   Django  ,   Flask  ,   GIT Hub",Posted few days ago,https://www.timesjobs.com/job-detail/python-developer-tanda-hr-solutions-mohali-chandigarh-3-to-6-yrs-jobid-EAm60cv2FrxzpSvf__PLUS__uAgZw==&source=srp
0,17,APPLYCUP HIRING SOLUTIONS LLP,"python  ,  django  ,  html5  ,  javascript",Posted few days ago,https://www.timesjobs.com/job-detail/python-developer-applycup-hiring-solutions-llp-gandhinagar-2-to-4-yrs-jobid-t8Ti7DllljpzpSvf__PLUS__uAgZw==&source=srp
0,18,DREAMAJAX TECHNOLOGIES,"python  ,  django  ,  api  ,  sql  ,  nosql",Posted few days ago,https://www.timesjobs.com/job-detail/python-developer-dreamajax-technologies-bengaluru-bangalore-4-to-7-yrs-jobid-EWIVCDzRLKBzpSvf__PLUS__uAgZw==&source=srp
0,19,3RI Technologies Pvt Ltd,"python  ,  django  ,  html5  ,  javascript",Posted few days ago,https://www.timesjobs.com/job-detail/python-interns-3ri-technologies-pvt-ltd-pune-5-to-8-yrs-jobid-cfLZrmnuzxxzpSvf__PLUS__uAgZw==&source=srp
0,20,APPLYCUP HIRING SOLUTIONS LLP,"python  ,  web technologies  ,  web technologies",Posted few days ago,https://www.timesjobs.com/job-detail/python-trainer-applycup-hiring-solutions-llp-pune-4-to-6-yrs-jobid-3V1Biww1YVJzpSvf__PLUS__uAgZw==&source=srp
0,22,pofi technologies pvt ltd.,"python  ,  django  ,  html5  ,  oops  ,  javascript",Posted few days ago,https://www.timesjobs.com/job-detail/python-developer-pofi-technologies-pvt-ltd-coimbatore-3-to-5-yrs-jobid-y__SLASH__6Oon1A__SLASH__9xzpSvf__PLUS__uAgZw==&source=srp
0,23,INFINITY GROUP,"python  ,  css  ,  django  ,  html  ,  bootstrap",Posted few days ago,https://www.timesjobs.com/job-detail/python-developer-infinity-group-noida-greater-noida-2-to-5-yrs-jobid-efOg3e9X__SLASH__D9zpSvf__PLUS__uAgZw==&source=srp
0,1,Surya Informatics Solutions Pvt. Ltd.,"python  ,  web technologies  ,  linux  ,  mobile  ,  mysql  ,  angularjs  ,  javascript",Posted few days ago,https://www.timesjobs.com/job-detail/python-surya-informatics-solutions-pvt-ltd-chennai-0-to-3-yrs-jobid-UVlLes58wutzpSvf__PLUS__uAgZw==&source=srp
0,5,east india securities ltd.,"python  ,  hadoop  ,  machine learning",Posted few days ago,https://www.timesjobs.com/job-detail/python-engineer-east-india-securities-ltd-kolkata-2-to-5-yrs-jobid-KEkE19WqPbFzpSvf__PLUS__uAgZw==&source=srp
0,8,sjain ventures,"python  ,  web developer  ,  web services",Posted few days ago,https://www.timesjobs.com/job-detail/python-intern-sjain-ventures-raipur-0-to-3-yrs-jobid-KmspiL9__SLASH__D9hzpSvf__PLUS__uAgZw==&source=srp
0,10,systango,"python  ,  django  ,  javascript  ,  web programming",Posted few days ago,https://www.timesjobs.com/job-detail/python-developer-systango-indore-5-to-8-yrs-jobid-YtDomXdajg5zpSvf__PLUS__uAgZw==&source=srp
0,11,TandA HR Solutions,"Python  ,   Django  ,   Flask  ,   unit testing",Posted few days ago,https://www.timesjobs.com/job-detail/python-developer-tanda-hr-solutions-mohali-chandigarh-3-to-6-yrs-jobid-yhy9asKbR4VzpSvf__PLUS__uAgZw==&source=srp
0,13,TandA HR Solutions,"python  ,  git  ,  django  ,   GIT Hub",Posted few days ago,https://www.timesjobs.com/job-detail/python-developer-tanda-hr-solutions-gurgaon-chandigarh-4-to-6-yrs-jobid-RxlCUMDjB7dzpSvf__PLUS__uAgZw==&source=srp
0,14,TandA HR Solutions,"Python  ,   Django  ,   Flask  ,   GIT Hub",Posted few days ago,https://www.timesjobs.com/job-detail/python-developer-tanda-hr-solutions-mohali-chandigarh-3-to-6-yrs-jobid-EAm60cv2FrxzpSvf__PLUS__uAgZw==&source=srp
0,17,APPLYCUP HIRING SOLUTIONS LLP,"python  ,  django  ,  html5  ,  javascript",Posted few days ago,https://www.timesjobs.com/job-detail/python-developer-applycup-hiring-solutions-llp-gandhinagar-2-to-4-yrs-jobid-t8Ti7DllljpzpSvf__PLUS__uAgZw==&source=srp
0,18,DREAMAJAX TECHNOLOGIES,"python  ,  django  ,  api  ,  sql  ,  nosql",Posted few days ago,https://www.timesjobs.com/job-detail/python-developer-dreamajax-technologies-bengaluru-bangalore-4-to-7-yrs-jobid-EWIVCDzRLKBzpSvf__PLUS__uAgZw==&source=srp
0,19,APPLYCUP HIRING SOLUTIONS LLP,"python  ,  web technologies  ,  web technologies",Posted few days ago,https://www.timesjobs.com/job-detail/python-trainer-applycup-hiring-solutions-llp-pune-4-to-6-yrs-jobid-3V1Biww1YVJzpSvf__PLUS__uAgZw==&source=srp
0,20,3RI Technologies Pvt Ltd,"python  ,  django  ,  html5  ,  javascript",Posted few days ago,https://www.timesjobs.com/job-detail/python-interns-3ri-technologies-pvt-ltd-pune-5-to-8-yrs-jobid-cfLZrmnuzxxzpSvf__PLUS__uAgZw==&source=srp
0,22,pofi technologies pvt ltd.,"python  ,  django  ,  html5  ,  oops  ,  javascript",Posted few days ago,https://www.timesjobs.com/job-detail/python-developer-pofi-technologies-pvt-ltd-coimbatore-3-to-5-yrs-jobid-y__SLASH__6Oon1A__SLASH__9xzpSvf__PLUS__uAgZw==&source=srp
0,24,INFINITY GROUP,"python  ,  css  ,  django  ,  html  ,  bootstrap",Posted few days ago,https://www.timesjobs.com/job-detail/python-developer-infinity-group-noida-greater-noida-2-to-5-yrs-jobid-efOg3e9X__SLASH__D9zpSvf__PLUS__uAgZw==&source=srp
0,1,Surya Informatics Solutions Pvt. Ltd.,"python  ,  web technologies  ,  linux  ,  mobile  ,  mysql  ,  angularjs  ,  javascript",Posted few days ago,https://www.timesjobs.com/job-detail/python-surya-informatics-solutions-pvt-ltd-chennai-0-to-3-yrs-jobid-UVlLes58wutzpSvf__PLUS__uAgZw==&source=srp
0,5,east india securities ltd.,"python  ,  hadoop  ,  machine learning",Posted few days ago,https://www.timesjobs.com/job-detail/python-engineer-east-india-securities-ltd-kolkata-2-to-5-yrs-jobid-KEkE19WqPbFzpSvf__PLUS__uAgZw==&source=srp
0,8,sjain ventures,"python  ,  web developer  ,  web services",Posted few days ago,https://www.timesjobs.com/job-detail/python-intern-sjain-ventures-raipur-0-to-3-yrs-jobid-KmspiL9__SLASH__D9hzpSvf__PLUS__uAgZw==&source=srp
0,10,systango,"python  ,  django  ,  javascript  ,  web programming",Posted few days ago,https://www.timesjobs.com/job-detail/python-developer-systango-indore-5-to-8-yrs-jobid-YtDomXdajg5zpSvf__PLUS__uAgZw==&source=srp
0,11,TandA HR Solutions,"Python  ,   Django  ,   Flask  ,   unit testing",Posted few days ago,https://www.timesjobs.com/job-detail/python-developer-tanda-hr-solutions-mohali-chandigarh-3-to-6-yrs-jobid-yhy9asKbR4VzpSvf__PLUS__uAgZw==&source=srp
0,13,TandA HR Solutions,"python  ,  git  ,  django  ,   GIT Hub",Posted few days ago,https://www.timesjobs.com/job-detail/python-developer-tanda-hr-solutions-gurgaon-chandigarh-4-to-6-yrs-jobid-RxlCUMDjB7dzpSvf__PLUS__uAgZw==&source=srp
0,14,TandA HR Solutions,"Python  ,   Django  ,   Flask  ,   GIT Hub",Posted few days ago,https://www.timesjobs.com/job-detail/python-developer-tanda-hr-solutions-mohali-chandigarh-3-to-6-yrs-jobid-EAm60cv2FrxzpSvf__PLUS__uAgZw==&source=srp
0,17,APPLYCUP HIRING SOLUTIONS LLP,"python  ,  django  ,  html5  ,  javascript",Posted few days ago,https://www.timesjobs.com/job-detail/python-developer-applycup-hiring-solutions-llp-gandhinagar-2-to-4-yrs-jobid-t8Ti7DllljpzpSvf__PLUS__uAgZw==&source=srp
0,18,DREAMAJAX TECHNOLOGIES,"python  ,  django  ,  api  ,  sql  ,  nosql",Posted few days ago,https://www.timesjobs.com/job-detail/python-developer-dreamajax-technologies-bengaluru-bangalore-4-to-7-yrs-jobid-EWIVCDzRLKBzpSvf__PLUS__uAgZw==&source=srp
0,19,3RI Technologies Pvt Ltd,"python  ,  django  ,  html5  ,  javascript",Posted few days ago,https://www.timesjobs.com/job-detail/python-interns-3ri-technologies-pvt-ltd-pune-5-to-8-yrs-jobid-cfLZrmnuzxxzpSvf__PLUS__uAgZw==&source=srp
0,20,APPLYCUP HIRING SOLUTIONS LLP,"python  ,  web technologies  ,  web technologies",Posted few days ago,https://www.timesjobs.com/job-detail/python-trainer-applycup-hiring-solutions-llp-pune-4-to-6-yrs-jobid-3V1Biww1YVJzpSvf__PLUS__uAgZw==&source=srp
0,21,pofi technologies pvt ltd.,"python  ,  django  ,  html5  ,  oops  ,  javascript",Posted few days ago,https://www.timesjobs.com/job-detail/python-developer-pofi-technologies-pvt-ltd-coimbatore-3-to-5-yrs-jobid-y__SLASH__6Oon1A__SLASH__9xzpSvf__PLUS__uAgZw==&source=srp
0,24,INFINITY GROUP,"python  ,  css  ,  django  ,  html  ,  bootstrap",Posted few days ago,https://www.timesjobs.com/job-detail/python-developer-infinity-group-noida-greater-noida-2-to-5-yrs-jobid-efOg3e9X__SLASH__D9zpSvf__PLUS__uAgZw==&source=srp
0,1,Surya Informatics Solutions Pvt. Ltd.,"python  ,  web technologies  ,  linux  ,  mobile  ,  mysql  ,  angularjs  ,  javascript",Posted few days ago,https://www.timesjobs.com/job-detail/python-surya-informatics-solutions-pvt-ltd-chennai-0-to-3-yrs-jobid-UVlLes58wutzpSvf__PLUS__uAgZw==&source=srp
0,5,east india securities ltd.,"python  ,  hadoop  ,  machine learning",Posted few days ago,https://www.timesjobs.com/job-detail/python-engineer-east-india-securities-ltd-kolkata-2-to-5-yrs-jobid-KEkE19WqPbFzpSvf__PLUS__uAgZw==&source=srp
0,8,sjain ventures,"python  ,  web developer  ,  web services",Posted few days ago,https://www.timesjobs.com/job-detail/python-intern-sjain-ventures-raipur-0-to-3-yrs-jobid-KmspiL9__SLASH__D9hzpSvf__PLUS__uAgZw==&source=srp
0,10,systango,"python  ,  django  ,  javascript  ,  web programming",Posted few days ago,https://www.timesjobs.com/job-detail/python-developer-systango-indore-5-to-8-yrs-jobid-YtDomXdajg5zpSvf__PLUS__uAgZw==&source=srp
0,11,TandA HR Solutions,"Python  ,   Django  ,   Flask  ,   unit testing",Posted few days ago,https://www.timesjobs.com/job-detail/python-developer-tanda-hr-solutions-mohali-chandigarh-3-to-6-yrs-jobid-yhy9asKbR4VzpSvf__PLUS__uAgZw==&source=srp
0,13,TandA HR Solutions,"python  ,  git  ,  django  ,   GIT Hub",Posted few days ago,https://www.timesjobs.com/job-detail/python-developer-tanda-hr-solutions-gurgaon-chandigarh-4-to-6-yrs-jobid-RxlCUMDjB7dzpSvf__PLUS__uAgZw==&source=srp
0,14,TandA HR Solutions,"Python  ,   Django  ,   Flask  ,   GIT Hub",Posted few days ago,https://www.timesjobs.com/job-detail/python-developer-tanda-hr-solutions-mohali-chandigarh-3-to-6-yrs-jobid-EAm60cv2FrxzpSvf__PLUS__uAgZw==&source=srp
0,17,APPLYCUP HIRING SOLUTIONS LLP,"python  ,  django  ,  html5  ,  javascript",Posted few days ago,https://www.timesjobs.com/job-detail/python-developer-applycup-hiring-solutions-llp-gandhinagar-2-to-4-yrs-jobid-t8Ti7DllljpzpSvf__PLUS__uAgZw==&source=srp
0,18,DREAMAJAX TECHNOLOGIES,"python  ,  django  ,  api  ,  sql  ,  nosql",Posted few days ago,https://www.timesjobs.com/job-detail/python-developer-dreamajax-technologies-bengaluru-bangalore-4-to-7-yrs-jobid-EWIVCDzRLKBzpSvf__PLUS__uAgZw==&source=srp
0,19,3RI Technologies Pvt Ltd,"python  ,  django  ,  html5  ,  javascript",Posted few days ago,https://www.timesjobs.com/job-detail/python-interns-3ri-technologies-pvt-ltd-pune-5-to-8-yrs-jobid-cfLZrmnuzxxzpSvf__PLUS__uAgZw==&source=srp
0,20,APPLYCUP HIRING SOLUTIONS LLP,"python  ,  web technologies  ,  web technologies",Posted few days ago,https://www.timesjobs.com/job-detail/python-trainer-applycup-hiring-solutions-llp-pune-4-to-6-yrs-jobid-3V1Biww1YVJzpSvf__PLUS__uAgZw==&source=srp
0,21,pofi technologies pvt ltd.,"python  ,  django  ,  html5  ,  oops  ,  javascript",Posted few days ago,https://www.timesjobs.com/job-detail/python-developer-pofi-technologies-pvt-ltd-coimbatore-3-to-5-yrs-jobid-y__SLASH__6Oon1A__SLASH__9xzpSvf__PLUS__uAgZw==&source=srp
0,24,INFINITY GROUP,"python  ,  css  ,  django  ,  html  ,  bootstrap",Posted few days ago,https://www.timesjobs.com/job-detail/python-developer-infinity-group-noida-greater-noida-2-to-5-yrs-jobid-efOg3e9X__SLASH__D9zpSvf__PLUS__uAgZw==&source=srp
0,1,Surya Informatics Solutions Pvt. Ltd.,"python  ,  web technologies  ,  linux  ,  mobile  ,  mysql  ,  angularjs  ,  javascript",Posted few days ago,https://www.timesjobs.com/job-detail/python-surya-informatics-solutions-pvt-ltd-chennai-0-to-3-yrs-jobid-UVlLes58wutzpSvf__PLUS__uAgZw==&source=srp
0,5,east india securities ltd.,"python  ,  hadoop  ,  machine learning",Posted few days ago,https://www.timesjobs.com/job-detail/python-engineer-east-india-securities-ltd-kolkata-2-to-5-yrs-jobid-KEkE19WqPbFzpSvf__PLUS__uAgZw==&source=srp
0,8,sjain ventures,"python  ,  web developer  ,  web services",Posted few days ago,https://www.timesjobs.com/job-detail/python-intern-sjain-ventures-raipur-0-to-3-yrs-jobid-KmspiL9__SLASH__D9hzpSvf__PLUS__uAgZw==&source=srp
0,10,systango,"python  ,  django  ,  javascript  ,  web programming",Posted few days ago,https://www.timesjobs.com/job-detail/python-developer-systango-indore-5-to-8-yrs-jobid-YtDomXdajg5zpSvf__PLUS__uAgZw==&source=srp
0,11,TandA HR Solutions,"Python  ,   Django  ,   Flask  ,   unit testing",Posted few days ago,https://www.timesjobs.com/job-detail/python-developer-tanda-hr-solutions-mohali-chandigarh-3-to-6-yrs-jobid-yhy9asKbR4VzpSvf__PLUS__uAgZw==&source=srp
0,13,TandA HR Solutions,"python  ,  git  ,  django  ,   GIT Hub",Posted few days ago,https://www.timesjobs.com/job-detail/python-developer-tanda-hr-solutions-gurgaon-chandigarh-4-to-6-yrs-jobid-RxlCUMDjB7dzpSvf__PLUS__uAgZw==&source=srp
0,14,TandA HR Solutions,"Python  ,   Django  ,   Flask  ,   GIT Hub",Posted few days ago,https://www.timesjobs.com/job-detail/python-developer-tanda-hr-solutions-mohali-chandigarh-3-to-6-yrs-jobid-EAm60cv2FrxzpSvf__PLUS__uAgZw==&source=srp
0,17,APPLYCUP HIRING SOLUTIONS LLP,"python  ,  django  ,  html5  ,  javascript",Posted few days ago,https://www.timesjobs.com/job-detail/python-developer-applycup-hiring-solutions-llp-gandhinagar-2-to-4-yrs-jobid-t8Ti7DllljpzpSvf__PLUS__uAgZw==&source=srp
0,18,DREAMAJAX TECHNOLOGIES,"python  ,  django  ,  api  ,  sql  ,  nosql",Posted few days ago,https://www.timesjobs.com/job-detail/python-developer-dreamajax-technologies-bengaluru-bangalore-4-to-7-yrs-jobid-EWIVCDzRLKBzpSvf__PLUS__uAgZw==&source=srp
0,19,3RI Technologies Pvt Ltd,"python  ,  django  ,  html5  ,  javascript",Posted few days ago,https://www.timesjobs.com/job-detail/python-interns-3ri-technologies-pvt-ltd-pune-5-to-8-yrs-jobid-cfLZrmnuzxxzpSvf__PLUS__uAgZw==&source=srp
0,20,APPLYCUP HIRING SOLUTIONS LLP,"python  ,  web technologies  ,  web technologies",Posted few days ago,https://www.timesjobs.com/job-detail/python-trainer-applycup-hiring-solutions-llp-pune-4-to-6-yrs-jobid-3V1Biww1YVJzpSvf__PLUS__uAgZw==&source=srp
0,22,pofi technologies pvt ltd.,"python  ,  django  ,  html5  ,  oops  ,  javascript",Posted few days ago,https://www.timesjobs.com/job-detail/python-developer-pofi-technologies-pvt-ltd-coimbatore-3-to-5-yrs-jobid-y__SLASH__6Oon1A__SLASH__9xzpSvf__PLUS__uAgZw==&source=srp
0,24,INFINITY GROUP,"python  ,  css  ,  django  ,  html  ,  bootstrap",Posted few days ago,https://www.timesjobs.com/job-detail/python-developer-infinity-group-noida-greater-noida-2-to-5-yrs-jobid-efOg3e9X__SLASH__D9zpSvf__PLUS__uAgZw==&source=srp
0,1,Surya Informatics Solutions Pvt. Ltd.,"python  ,  web technologies  ,  linux  ,  mobile  ,  mysql  ,  angularjs  ,  javascript",Posted few days ago,https://www.timesjobs.com/job-detail/python-surya-informatics-solutions-pvt-ltd-chennai-0-to-3-yrs-jobid-UVlLes58wutzpSvf__PLUS__uAgZw==&source=srp
0,5,east india securities ltd.,"python  ,  hadoop  ,  machine learning",Posted few days ago,https://www.timesjobs.com/job-detail/python-engineer-east-india-securities-ltd-kolkata-2-to-5-yrs-jobid-KEkE19WqPbFzpSvf__PLUS__uAgZw==&source=srp
0,8,sjain ventures,"python  ,  web developer  ,  web services",Posted few days ago,https://www.timesjobs.com/job-detail/python-intern-sjain-ventures-raipur-0-to-3-yrs-jobid-KmspiL9__SLASH__D9hzpSvf__PLUS__uAgZw==&source=srp
0,10,systango,"python  ,  django  ,  javascript  ,  web programming",Posted few days ago,https://www.timesjobs.com/job-detail/python-developer-systango-indore-5-to-8-yrs-jobid-YtDomXdajg5zpSvf__PLUS__uAgZw==&source=srp
0,11,TandA HR Solutions,"Python  ,   Django  ,   Flask  ,   unit testing",Posted few days ago,https://www.timesjobs.com/job-detail/python-developer-tanda-hr-solutions-mohali-chandigarh-3-to-6-yrs-jobid-yhy9asKbR4VzpSvf__PLUS__uAgZw==&source=srp
0,13,TandA HR Solutions,"python  ,  git  ,  django  ,   GIT Hub",Posted few days ago,https://www.timesjobs.com/job-detail/python-developer-tanda-hr-solutions-gurgaon-chandigarh-4-to-6-yrs-jobid-RxlCUMDjB7dzpSvf__PLUS__uAgZw==&source=srp
0,14,TandA HR Solutions,"Python  ,   Django  ,   Flask  ,   GIT Hub",Posted few days ago,https://www.timesjobs.com/job-detail/python-developer-tanda-hr-solutions-mohali-chandigarh-3-to-6-yrs-jobid-EAm60cv2FrxzpSvf__PLUS__uAgZw==&source=srp
0,17,APPLYCUP HIRING SOLUTIONS LLP,"python  ,  django  ,  html5  ,  javascript",Posted few days ago,https://www.timesjobs.com/job-detail/python-developer-applycup-hiring-solutions-llp-gandhinagar-2-to-4-yrs-jobid-t8Ti7DllljpzpSvf__PLUS__uAgZw==&source=srp
0,18,DREAMAJAX TECHNOLOGIES,"python  ,  django  ,  api  ,  sql  ,  nosql",Posted few days ago,https://www.timesjobs.com/job-detail/python-developer-dreamajax-technologies-bengaluru-bangalore-4-to-7-yrs-jobid-EWIVCDzRLKBzpSvf__PLUS__uAgZw==&source=srp
0,19,3RI Technologies Pvt Ltd,"python  ,  django  ,  html5  ,  javascript",Posted few days ago,https://www.timesjobs.com/job-detail/python-interns-3ri-technologies-pvt-ltd-pune-5-to-8-yrs-jobid-cfLZrmnuzxxzpSvf__PLUS__uAgZw==&source=srp
0,20,APPLYCUP HIRING SOLUTIONS LLP,"python  ,  web technologies  ,  web technologies",Posted few days ago,https://www.timesjobs.com/job-detail/python-trainer-applycup-hiring-solutions-llp-pune-4-to-6-yrs-jobid-3V1Biww1YVJzpSvf__PLUS__uAgZw==&source=srp
0,22,pofi technologies pvt ltd.,"python  ,  django  ,  html5  ,  oops  ,  javascript",Posted few days ago,https://www.timesjobs.com/job-detail/python-developer-pofi-technologies-pvt-ltd-coimbatore-3-to-5-yrs-jobid-y__SLASH__6Oon1A__SLASH__9xzpSvf__PLUS__uAgZw==&source=srp
0,24,INFINITY GROUP,"python  ,  css  ,  django  ,  html  ,  bootstrap",Posted few days ago,https://www.timesjobs.com/job-detail/python-developer-infinity-group-noida-greater-noida-2-to-5-yrs-jobid-efOg3e9X__SLASH__D9zpSvf__PLUS__uAgZw==&source=srp
0,1,Surya Informatics Solutions Pvt. Ltd.,"python  ,  web technologies  ,  linux  ,  mobile  ,  mysql  ,  angularjs  ,  javascript",Posted few days ago,https://www.timesjobs.com/job-detail/python-surya-informatics-solutions-pvt-ltd-chennai-0-to-3-yrs-jobid-UVlLes58wutzpSvf__PLUS__uAgZw==&source=srp
0,5,east india securities ltd.,"python  ,  hadoop  ,  machine learning",Posted few days ago,https://www.timesjobs.com/job-detail/python-engineer-east-india-securities-ltd-kolkata-2-to-5-yrs-jobid-KEkE19WqPbFzpSvf__PLUS__uAgZw==&source=srp
0,8,sjain ventures,"python  ,  web developer  ,  web services",Posted few days ago,https://www.timesjobs.com/job-detail/python-intern-sjain-ventures-raipur-0-to-3-yrs-jobid-KmspiL9__SLASH__D9hzpSvf__PLUS__uAgZw==&source=srp
0,10,systango,"python  ,  django  ,  javascript  ,  web programming",Posted few days ago,https://www.timesjobs.com/job-detail/python-developer-systango-indore-5-to-8-yrs-jobid-YtDomXdajg5zpSvf__PLUS__uAgZw==&source=srp
0,11,TandA HR Solutions,"Python  ,   Django  ,   Flask  ,   unit testing",Posted few days ago,https://www.timesjobs.com/job-detail/python-developer-tanda-hr-solutions-mohali-chandigarh-3-to-6-yrs-jobid-yhy9asKbR4VzpSvf__PLUS__uAgZw==&source=srp
0,13,TandA HR Solutions,"python  ,  git  ,  django  ,   GIT Hub",Posted few days ago,https://www.timesjobs.com/job-detail/python-developer-tanda-hr-solutions-gurgaon-chandigarh-4-to-6-yrs-jobid-RxlCUMDjB7dzpSvf__PLUS__uAgZw==&source=srp
0,14,TandA HR Solutions,"Python  ,   Django  ,   Flask  ,   GIT Hub",Posted few days ago,https://www.timesjobs.com/job-detail/python-developer-tanda-hr-solutions-mohali-chandigarh-3-to-6-yrs-jobid-EAm60cv2FrxzpSvf__PLUS__uAgZw==&source=srp
0,17,APPLYCUP HIRING SOLUTIONS LLP,"python  ,  django  ,  html5  ,  javascript",Posted few days ago,https://www.timesjobs.com/job-detail/python-developer-applycup-hiring-solutions-llp-gandhinagar-2-to-4-yrs-jobid-t8Ti7DllljpzpSvf__PLUS__uAgZw==&source=srp
0,18,DREAMAJAX TECHNOLOGIES,"python  ,  django  ,  api  ,  sql  ,  nosql",Posted few days ago,https://www.timesjobs.com/job-detail/python-developer-dreamajax-technologies-bengaluru-bangalore-4-to-7-yrs-jobid-EWIVCDzRLKBzpSvf__PLUS__uAgZw==&source=srp
0,19,3RI Technologies Pvt Ltd,"python  ,  django  ,  html5  ,  javascript",Posted few days ago,https://www.timesjobs.com/job-detail/python-interns-3ri-technologies-pvt-ltd-pune-5-to-8-yrs-jobid-cfLZrmnuzxxzpSvf__PLUS__uAgZw==&source=srp
0,20,APPLYCUP HIRING SOLUTIONS LLP,"python  ,  web technologies  ,  web technologies",Posted few days ago,https://www.timesjobs.com/job-detail/python-trainer-applycup-hiring-solutions-llp-pune-4-to-6-yrs-jobid-3V1Biww1YVJzpSvf__PLUS__uAgZw==&source=srp
0,22,pofi technologies pvt ltd.,"python  ,  django  ,  html5  ,  oops  ,  javascript",Posted few days ago,https://www.timesjobs.com/job-detail/python-developer-pofi-technologies-pvt-ltd-coimbatore-3-to-5-yrs-jobid-y__SLASH__6Oon1A__SLASH__9xzpSvf__PLUS__uAgZw==&source=srp
0,24,INFINITY GROUP,"python  ,  css  ,  django  ,  html  ,  bootstrap",Posted few days ago,https://www.timesjobs.com/job-detail/python-developer-infinity-group-noida-greater-noida-2-to-5-yrs-jobid-efOg3e9X__SLASH__D9zpSvf__PLUS__uAgZw==&source=srp
0,1,Surya Informatics Solutions Pvt. Ltd.,"python  ,  web technologies  ,  linux  ,  mobile  ,  mysql  ,  angularjs  ,  javascript",Posted few days ago,https://www.timesjobs.com/job-detail/python-surya-informatics-solutions-pvt-ltd-chennai-0-to-3-yrs-jobid-UVlLes58wutzpSvf__PLUS__uAgZw==&source=srp
0,5,east india securities ltd.,"python  ,  hadoop  ,  machine learning",Posted few days ago,https://www.timesjobs.com/job-detail/python-engineer-east-india-securities-ltd-kolkata-2-to-5-yrs-jobid-KEkE19WqPbFzpSvf__PLUS__uAgZw==&source=srp
0,8,sjain ventures,"python  ,  web developer  ,  web services",Posted few days ago,https://www.timesjobs.com/job-detail/python-intern-sjain-ventures-raipur-0-to-3-yrs-jobid-KmspiL9__SLASH__D9hzpSvf__PLUS__uAgZw==&source=srp
0,10,systango,"python  ,  django  ,  javascript  ,  web programming",Posted few days ago,https://www.timesjobs.com/job-detail/python-developer-systango-indore-5-to-8-yrs-jobid-YtDomXdajg5zpSvf__PLUS__uAgZw==&source=srp
0,11,TandA HR Solutions,"Python  ,   Django  ,   Flask  ,   unit testing",Posted few days ago,https://www.timesjobs.com/job-detail/python-developer-tanda-hr-solutions-mohali-chandigarh-3-to-6-yrs-jobid-yhy9asKbR4VzpSvf__PLUS__uAgZw==&source=srp
0,13,TandA HR Solutions,"python  ,  git  ,  django  ,   GIT Hub",Posted few days ago,https://www.timesjobs.com/job-detail/python-developer-tanda-hr-solutions-gurgaon-chandigarh-4-to-6-yrs-jobid-RxlCUMDjB7dzpSvf__PLUS__uAgZw==&source=srp
0,14,TandA HR Solutions,"Python  ,   Django  ,   Flask  ,   GIT Hub",Posted few days ago,https://www.timesjobs.com/job-detail/python-developer-tanda-hr-solutions-mohali-chandigarh-3-to-6-yrs-jobid-EAm60cv2FrxzpSvf__PLUS__uAgZw==&source=srp
0,17,APPLYCUP HIRING SOLUTIONS LLP,"python  ,  django  ,  html5  ,  javascript",Posted few days ago,https://www.timesjobs.com/job-detail/python-developer-applycup-hiring-solutions-llp-gandhinagar-2-to-4-yrs-jobid-t8Ti7DllljpzpSvf__PLUS__uAgZw==&source=srp
0,18,DREAMAJAX TECHNOLOGIES,"python  ,  django  ,  api  ,  sql  ,  nosql",Posted few days ago,https://www.timesjobs.com/job-detail/python-developer-dreamajax-technologies-bengaluru-bangalore-4-to-7-yrs-jobid-EWIVCDzRLKBzpSvf__PLUS__uAgZw==&source=srp
0,19,3RI Technologies Pvt Ltd,"python  ,  django  ,  html5  ,  javascript",Posted few days ago,https://www.timesjobs.com/job-detail/python-interns-3ri-technologies-pvt-ltd-pune-5-to-8-yrs-jobid-cfLZrmnuzxxzpSvf__PLUS__uAgZw==&source=srp
0,20,APPLYCUP HIRING SOLUTIONS LLP,"python  ,  web technologies  ,  web technologies",Posted few days ago,https://www.timesjobs.com/job-detail/python-trainer-applycup-hiring-solutions-llp-pune-4-to-6-yrs-jobid-3V1Biww1YVJzpSvf__PLUS__uAgZw==&source=srp
0,22,pofi technologies pvt ltd.,"python  ,  django  ,  html5  ,  oops  ,  javascript",Posted few days ago,https://www.timesjobs.com/job-detail/python-developer-pofi-technologies-pvt-ltd-coimbatore-3-to-5-yrs-jobid-y__SLASH__6Oon1A__SLASH__9xzpSvf__PLUS__uAgZw==&source=srp
0,24,INFINITY GROUP,"python  ,  css  ,  django  ,  html  ,  bootstrap",Posted few days ago,https://www.timesjobs.com/job-detail/python-developer-infinity-group-noida-greater-noida-2-to-5-yrs-jobid-efOg3e9X__SLASH__D9zpSvf__PLUS__uAgZw==&source=srp
0,1,Surya Informatics Solutions Pvt. Ltd.,"python  ,  web technologies  ,  linux  ,  mobile  ,  mysql  ,  angularjs  ,  javascript",Posted few days ago,https://www.timesjobs.com/job-detail/python-surya-informatics-solutions-pvt-ltd-chennai-0-to-3-yrs-jobid-UVlLes58wutzpSvf__PLUS__uAgZw==&source=srp
0,5,east india securities ltd.,"python  ,  hadoop  ,  machine learning",Posted few days ago,https://www.timesjobs.com/job-detail/python-engineer-east-india-securities-ltd-kolkata-2-to-5-yrs-jobid-KEkE19WqPbFzpSvf__PLUS__uAgZw==&source=srp
0,8,sjain ventures,"python  ,  web developer  ,  web services",Posted few days ago,https://www.timesjobs.com/job-detail/python-intern-sjain-ventures-raipur-0-to-3-yrs-jobid-KmspiL9__SLASH__D9hzpSvf__PLUS__uAgZw==&source=srp
0,10,systango,"python  ,  django  ,  javascript  ,  web programming",Posted few days ago,https://www.timesjobs.com/job-detail/python-developer-systango-indore-5-to-8-yrs-jobid-YtDomXdajg5zpSvf__PLUS__uAgZw==&source=srp
0,11,TandA HR Solutions,"Python  ,   Django  ,   Flask  ,   unit testing",Posted few days ago,https://www.timesjobs.com/job-detail/python-developer-tanda-hr-solutions-mohali-chandigarh-3-to-6-yrs-jobid-yhy9asKbR4VzpSvf__PLUS__uAgZw==&source=srp
0,13,TandA HR Solutions,"python  ,  git  ,  django  ,   GIT Hub",Posted few days ago,https://www.timesjobs.com/job-detail/python-developer-tanda-hr-solutions-gurgaon-chandigarh-4-to-6-yrs-jobid-RxlCUMDjB7dzpSvf__PLUS__uAgZw==&source=srp
0,14,TandA HR Solutions,"Python  ,   Django  ,   Flask  ,   GIT Hub",Posted few days ago,https://www.timesjobs.com/job-detail/python-developer-tanda-hr-solutions-mohali-chandigarh-3-to-6-yrs-jobid-EAm60cv2FrxzpSvf__PLUS__uAgZw==&source=srp
0,17,APPLYCUP HIRING SOLUTIONS LLP,"python  ,  django  ,  html5  ,  javascript",Posted few days ago,https://www.timesjobs.com/job-detail/python-developer-applycup-hiring-solutions-llp-gandhinagar-2-to-4-yrs-jobid-t8Ti7DllljpzpSvf__PLUS__uAgZw==&source=srp
0,18,DREAMAJAX TECHNOLOGIES,"python  ,  django  ,  api  ,  sql  ,  nosql",Posted few days ago,https://www.timesjobs.com/job-detail/python-developer-dreamajax-technologies-bengaluru-bangalore-4-to-7-yrs-jobid-EWIVCDzRLKBzpSvf__PLUS__uAgZw==&source=srp
0,19,3RI Technologies Pvt Ltd,"python  ,  django  ,  html5  ,  javascript",Posted few days ago,https://www.timesjobs.com/job-detail/python-interns-3ri-technologies-pvt-ltd-pune-5-to-8-yrs-jobid-cfLZrmnuzxxzpSvf__PLUS__uAgZw==&source=srp
0,20,APPLYCUP HIRING SOLUTIONS LLP,"python  ,  web technologies  ,  web technologies",Posted few days ago,https://www.timesjobs.com/job-detail/python-trainer-applycup-hiring-solutions-llp-pune-4-to-6-yrs-jobid-3V1Biww1YVJzpSvf__PLUS__uAgZw==&source=srp
0,22,pofi technologies pvt ltd.,"python  ,  django  ,  html5  ,  oops  ,  javascript",Posted few days ago,https://www.timesjobs.com/job-detail/python-developer-pofi-technologies-pvt-ltd-coimbatore-3-to-5-yrs-jobid-y__SLASH__6Oon1A__SLASH__9xzpSvf__PLUS__uAgZw==&source=srp
0,24,INFINITY GROUP,"python  ,  css  ,  django  ,  html  ,  bootstrap",Posted few days ago,https://www.timesjobs.com/job-detail/python-developer-infinity-group-noida-greater-noida-2-to-5-yrs-jobid-efOg3e9X__SLASH__D9zpSvf__PLUS__uAgZw==&source=srp
